"AGE";"INCOME";"GENDER";"MARITAL";"NUMKIDS";"NUMCARDS";"HOWPAID";"MORTGAGE";"STORECAR";"LOANS";"ID";"RISK"
45.0;58381.0;"m";"married";1.0;1.0;"monthly";"y";1.0;0.0;100796.0;"good risk"
38.0;55752.0;"m";"married";0.0;2.0;"monthly";"y";2.0;1.0;100568.0;"good risk"
34.0;55497.0;"m";"married";1.0;1.0;"monthly";"y";2.0;1.0;100425.0;"bad profit"
42.0;55140.0;"m";"married";1.0;2.0;"monthly";"y";1.0;0.0;100700.0;"good risk"
38.0;52887.0;"m";"married";0.0;2.0;"monthly";"y";2.0;0.0;100626.0;"good risk"
37.0;52545.0;"f";"married";1.0;1.0;"monthly";"y";2.0;0.0;100526.0;"good risk"
45.0;50552.0;"m";"married";0.0;1.0;"monthly";"y";2.0;0.0;100793.0;"good risk"
40.0;50199.0;"f";"married";0.0;1.0;"monthly";"y";2.0;0.0;100628.0;"bad profit"
42.0;49485.0;"m";"married";1.0;1.0;"monthly";"y";1.0;1.0;100705.0;"good risk"
39.0;49415.0;"m";"married";0.0;1.0;"monthly";"y";1.0;0.0;100605.0;"good risk"
36.0;49409.0;"m";"married";1.0;2.0;"monthly";"y";1.0;1.0;100487.0;"good risk"
34.0;47833.0;"m";"married";1.0;1.0;"monthly";"y";1.0;0.0;100411.0;"bad loss"
34.0;47623.0;"m";"married";0.0;1.0;"monthly";"y";2.0;1.0;100422.0;"good risk"
36.0;47422.0;"f";"married";0.0;2.0;"monthly";"y";1.0;1.0;100499.0;"bad loss"
31.0;46955.0;"m";"married";0.0;2.0;"monthly";"y";2.0;1.0;100323.0;"good risk"
35.0;46949.0;"f";"married";0.0;2.0;"monthly";"y";1.0;1.0;100451.0;"good risk"
36.0;46785.0;"f";"married";1.0;1.0;"monthly";"y";2.0;1.0;100491.0;"bad profit"
30.0;45715.0;"m";"married";0.0;2.0;"monthly";"y";1.0;1.0;100282.0;"good risk"
36.0;45673.0;"m";"married";0.0;1.0;"monthly";"y";2.0;0.0;100485.0;"good risk"
29.0;45549.0;"m";"married";1.0;1.0;"monthly";"y";2.0;0.0;100683.0;"good risk"
38.0;45419.0;"f";"married";0.0;2.0;"monthly";"y";1.0;0.0;100558.0;"bad loss"
42.0;45368.0;"f";"married";0.0;2.0;"monthly";"y";2.0;1.0;100703.0;"good risk"
34.0;44997.0;"f";"married";0.0;1.0;"monthly";"y";2.0;1.0;100394.0;"good risk"
37.0;44936.0;"f";"married";1.0;1.0;"monthly";"y";1.0;0.0;100523.0;"bad profit"
34.0;44831.0;"m";"married";1.0;1.0;"monthly";"y";2.0;1.0;100403.0;"good risk"
44.0;44787.0;"m";"married";1.0;2.0;"monthly";"y";2.0;0.0;100764.0;"good risk"
38.0;44460.0;"m";"married";0.0;1.0;"monthly";"y";1.0;1.0;100549.0;"good risk"
32.0;44230.0;"f";"married";1.0;2.0;"monthly";"y";1.0;0.0;100792.0;"bad profit"
36.0;44048.0;"m";"married";1.0;1.0;"monthly";"y";2.0;0.0;100465.0;"good risk"
41.0;44039.0;"f";"married";1.0;2.0;"monthly";"y";2.0;1.0;100635.0;"good risk"
36.0;43750.0;"m";"married";1.0;1.0;"monthly";"y";2.0;1.0;100473.0;"good risk"
42.0;43651.0;"f";"married";1.0;2.0;"monthly";"y";2.0;1.0;100704.0;"good risk"
30.0;43593.0;"m";"married";0.0;1.0;"monthly";"y";2.0;0.0;100272.0;"good risk"
37.0;43408.0;"f";"married";0.0;2.0;"monthly";"y";2.0;0.0;100519.0;"bad loss"
31.0;43330.0;"m";"married";0.0;1.0;"monthly";"y";1.0;1.0;100311.0;"bad profit"
41.0;43293.0;"f";"married";0.0;1.0;"monthly";"y";1.0;1.0;100640.0;"good risk"
35.0;43098.0;"f";"married";0.0;2.0;"monthly";"y";1.0;1.0;100431.0;"good risk"
41.0;42996.0;"m";"married";1.0;2.0;"monthly";"y";2.0;1.0;100663.0;"good risk"
42.0;42909.0;"m";"married";1.0;1.0;"monthly";"y";1.0;0.0;100699.0;"bad profit"
38.0;42874.0;"m";"married";1.0;2.0;"monthly";"y";1.0;1.0;100547.0;"good risk"
43.0;42715.0;"m";"married";0.0;1.0;"monthly";"y";1.0;0.0;100723.0;"bad profit"
30.0;42647.0;"f";"married";0.0;2.0;"monthly";"y";1.0;0.0;100286.0;"bad profit"
41.0;42519.0;"m";"married";1.0;1.0;"monthly";"y";1.0;1.0;100634.0;"bad profit"
31.0;42471.0;"f";"married";1.0;2.0;"monthly";"y";2.0;1.0;100308.0;"good risk"
44.0;42440.0;"m";"married";1.0;1.0;"monthly";"y";1.0;0.0;100742.0;"bad loss"
32.0;42389.0;"m";"married";0.0;1.0;"monthly";"y";2.0;0.0;100332.0;"good risk"
38.0;42386.0;"m";"married";1.0;1.0;"monthly";"y";2.0;0.0;100546.0;"good risk"
42.0;42231.0;"m";"married";1.0;2.0;"monthly";"y";2.0;1.0;100680.0;"good risk"
31.0;42175.0;"m";"married";1.0;1.0;"monthly";"y";1.0;1.0;100313.0;"good risk"
30.0;42119.0;"m";"married";0.0;1.0;"monthly";"y";1.0;1.0;100281.0;"good risk"
30.0;42053.0;"f";"married";0.0;2.0;"monthly";"y";2.0;1.0;100298.0;"bad profit"
37.0;42024.0;"f";"married";1.0;2.0;"monthly";"y";2.0;0.0;100525.0;"good risk"
30.0;41965.0;"f";"married";1.0;1.0;"monthly";"y";2.0;0.0;100299.0;"bad loss"
32.0;41879.0;"m";"married";0.0;1.0;"monthly";"y";2.0;0.0;100339.0;"good risk"
26.0;41696.0;"f";"married";1.0;1.0;"monthly";"y";2.0;0.0;100669.0;"bad profit"
35.0;41132.0;"f";"married";0.0;2.0;"monthly";"y";2.0;1.0;100457.0;"good risk"
36.0;41086.0;"m";"married";1.0;1.0;"monthly";"y";1.0;1.0;100478.0;"good risk"
44.0;41048.0;"m";"married";0.0;1.0;"monthly";"y";1.0;1.0;100740.0;"good risk"
33.0;40940.0;"m";"married";1.0;2.0;"monthly";"y";1.0;1.0;100364.0;"good risk"
27.0;40906.0;"m";"married";1.0;2.0;"monthly";"y";1.0;0.0;100800.0;"good risk"
36.0;40866.0;"m";"married";1.0;2.0;"monthly";"y";1.0;1.0;100467.0;"good risk"
32.0;40782.0;"f";"married";0.0;2.0;"monthly";"y";2.0;0.0;100336.0;"good risk"
39.0;40693.0;"m";"married";0.0;2.0;"monthly";"y";2.0;0.0;100584.0;"bad loss"
37.0;40446.0;"m";"married";0.0;2.0;"monthly";"y";2.0;1.0;100515.0;"bad loss"
36.0;39028.0;"f";"single";0.0;0.0;"monthly";"y";2.0;0.0;100146.0;"bad loss"
29.0;38654.0;"f";"married";1.0;1.0;"monthly";"y";1.0;0.0;100710.0;"good risk"
34.0;37885.0;"m";"single";0.0;1.0;"monthly";"y";1.0;0.0;100119.0;"bad loss"
37.0;37520.0;"m";"single";0.0;1.0;"monthly";"y";1.0;0.0;100269.0;"good risk"
41.0;36154.0;"f";"single";0.0;1.0;"monthly";"y";2.0;0.0;100221.0;"bad loss"
33.0;36062.0;"m";"married";1.0;1.0;"monthly";"y";2.0;0.0;100356.0;"good risk"
41.0;35117.0;"m";"single";0.0;1.0;"monthly";"y";1.0;0.0;100223.0;"good risk"
40.0;34453.0;"f";"single";0.0;0.0;"monthly";"y";2.0;0.0;100209.0;"good risk"
39.0;33911.0;"m";"single";0.0;0.0;"monthly";"y";2.0;0.0;100190.0;"bad loss"
45.0;33502.0;"f";"married";1.0;2.0;"monthly";"y";2.0;1.0;100777.0;"good risk"
26.0;32851.0;"f";"single";0.0;0.0;"monthly";"y";0.0;0.0;100029.0;"bad profit"
41.0;32694.0;"m";"single";0.0;1.0;"monthly";"y";1.0;0.0;100219.0;"good risk"
25.0;32662.0;"m";"single";0.0;0.0;"monthly";"y";2.0;0.0;100003.0;"bad profit"
26.0;32644.0;"f";"single";0.0;1.0;"monthly";"y";1.0;0.0;100023.0;"bad profit"
41.0;32526.0;"f";"married";0.0;1.0;"monthly";"y";1.0;1.0;100631.0;"good risk"
25.0;32461.0;"m";"single";0.0;0.0;"monthly";"y";2.0;0.0;100008.0;"good risk"
34.0;31928.0;"f";"single";0.0;0.0;"monthly";"y";2.0;0.0;100111.0;"good risk"
28.0;31625.0;"f";"single";0.0;0.0;"monthly";"y";0.0;0.0;100044.0;"bad profit"
34.0;31567.0;"f";"single";0.0;1.0;"monthly";"y";0.0;0.0;100121.0;"good risk"
42.0;30807.0;"f";"single";0.0;1.0;"monthly";"y";1.0;0.0;100232.0;"good risk"
37.0;30605.0;"f";"single";0.0;1.0;"monthly";"y";0.0;0.0;100155.0;"good risk"
43.0;30268.0;"m";"single";0.0;0.0;"monthly";"y";0.0;0.0;100240.0;"good risk"
47.0;29997.0;"m";"divsepwid";2.0;5.0;"weekly";"y";3.0;2.0;103479.0;"bad profit"
50.0;29934.0;"m";"divsepwid";4.0;6.0;"weekly";"y";5.0;3.0;103733.0;"bad profit"
30.0;29933.0;"m";"single";0.0;1.0;"monthly";"y";2.0;0.0;100064.0;"good risk"
28.0;29912.0;"f";"single";0.0;0.0;"monthly";"y";1.0;0.0;100042.0;"good risk"
43.0;29870.0;"f";"married";2.0;3.0;"monthly";"y";4.0;1.0;103853.0;"bad loss"
46.0;29841.0;"f";"married";3.0;3.0;"monthly";"y";4.0;1.0;103968.0;"bad loss"
45.0;29840.0;"m";"divsepwid";3.0;6.0;"weekly";"y";4.0;3.0;103341.0;"bad profit"
30.0;29839.0;"f";"single";0.0;0.0;"monthly";"y";1.0;0.0;100062.0;"good risk"
47.0;29811.0;"m";"divsepwid";4.0;5.0;"weekly";"n";4.0;3.0;103494.0;"bad loss"
43.0;29600.0;"f";"single";0.0;1.0;"monthly";"y";2.0;0.0;100237.0;"bad profit"
42.0;29540.0;"f";"divsepwid";3.0;5.0;"weekly";"y";4.0;2.0;103065.0;"bad profit"
30.0;29451.0;"m";"single";0.0;1.0;"monthly";"y";0.0;0.0;100072.0;"good risk"
50.0;29440.0;"f";"divsepwid";3.0;5.0;"weekly";"y";5.0;2.0;103723.0;"bad loss"
46.0;29425.0;"m";"divsepwid";3.0;6.0;"weekly";"y";4.0;2.0;103411.0;"bad profit"
45.0;29397.0;"m";"divsepwid";2.0;6.0;"weekly";"n";3.0;2.0;103320.0;"bad loss"
46.0;29349.0;"f";"divsepwid";3.0;5.0;"weekly";"y";3.0;2.0;103420.0;"bad profit"
30.0;29306.0;"m";"single";0.0;0.0;"monthly";"y";2.0;0.0;100075.0;"bad loss"
43.0;29298.0;"m";"divsepwid";3.0;6.0;"weekly";"n";5.0;3.0;103160.0;"bad profit"
29.0;29233.0;"m";"divsepwid";2.0;6.0;"weekly";"n";4.0;3.0;103155.0;"bad profit"
38.0;29222.0;"f";"single";0.0;0.0;"monthly";"y";1.0;0.0;100173.0;"good risk"
42.0;29184.0;"m";"married";2.0;4.0;"monthly";"y";5.0;1.0;103825.0;"bad loss"
30.0;29180.0;"f";"married";3.0;4.0;"weekly";"y";4.0;2.0;103939.0;"bad loss"
47.0;29095.0;"m";"divsepwid";2.0;5.0;"weekly";"n";3.0;2.0;103481.0;"bad profit"
44.0;29089.0;"f";"married";2.0;4.0;"weekly";"y";4.0;1.0;103894.0;"bad loss"
27.0;29041.0;"f";"married";3.0;4.0;"monthly";"y";5.0;1.0;103905.0;"bad loss"
41.0;29004.0;"m";"divsepwid";2.0;6.0;"weekly";"n";4.0;2.0;103007.0;"bad profit"
41.0;28961.0;"m";"single";0.0;1.0;"monthly";"y";2.0;0.0;100222.0;"good risk"
50.0;28799.0;"f";"divsepwid";3.0;5.0;"weekly";"n";3.0;2.0;103739.0;"bad loss"
47.0;28553.0;"m";"divsepwid";3.0;5.0;"weekly";"y";4.0;2.0;103491.0;"bad profit"
49.0;28549.0;"f";"divsepwid";3.0;5.0;"weekly";"n";3.0;3.0;103657.0;"bad profit"
41.0;28546.0;"m";"divsepwid";3.0;5.0;"weekly";"n";4.0;3.0;102983.0;"bad loss"
31.0;28474.0;"m";"divsepwid";2.0;5.0;"weekly";"n";3.0;3.0;103644.0;"bad profit"
42.0;28418.0;"m";"divsepwid";3.0;5.0;"weekly";"y";3.0;3.0;103072.0;"good risk"
48.0;28331.0;"f";"divsepwid";3.0;5.0;"weekly";"y";3.0;2.0;103570.0;"bad profit"
47.0;28331.0;"m";"divsepwid";3.0;6.0;"weekly";"n";3.0;3.0;103518.0;"bad profit"
25.0;28085.0;"f";"single";0.0;1.0;"monthly";"y";1.0;0.0;100001.0;"good risk"
39.0;28050.0;"m";"single";0.0;0.0;"monthly";"y";2.0;0.0;100193.0;"bad profit"
46.0;27994.0;"m";"divsepwid";2.0;5.0;"weekly";"n";3.0;2.0;103406.0;"bad loss"
33.0;27979.0;"f";"divsepwid";4.0;6.0;"weekly";"y";3.0;3.0;103002.0;"good risk"
38.0;27913.0;"f";"single";0.0;0.0;"monthly";"y";1.0;0.0;100174.0;"bad profit"
48.0;27873.0;"f";"married";3.0;4.0;"monthly";"y";4.0;1.0;104036.0;"bad loss"
49.0;27860.0;"f";"divsepwid";3.0;6.0;"weekly";"n";4.0;3.0;103658.0;"bad profit"
30.0;27849.0;"f";"single";0.0;0.0;"monthly";"y";0.0;0.0;100069.0;"good risk"
43.0;27833.0;"f";"married";3.0;4.0;"monthly";"y";4.0;2.0;103855.0;"bad loss"
35.0;27706.0;"m";"single";0.0;1.0;"monthly";"y";2.0;0.0;100128.0;"good risk"
43.0;27669.0;"f";"divsepwid";3.0;6.0;"weekly";"n";5.0;3.0;103165.0;"bad loss"
31.0;27637.0;"m";"divsepwid";3.0;6.0;"weekly";"y";4.0;3.0;103403.0;"good risk"
44.0;27566.0;"f";"divsepwid";4.0;6.0;"weekly";"y";5.0;3.0;103250.0;"bad profit"
50.0;27519.0;"m";"divsepwid";3.0;6.0;"weekly";"n";3.0;2.0;103740.0;"bad profit"
49.0;27438.0;"m";"divsepwid";4.0;5.0;"weekly";"n";5.0;3.0;103655.0;"bad profit"
45.0;27195.0;"m";"divsepwid";3.0;6.0;"weekly";"n";4.0;2.0;103315.0;"bad loss"
42.0;27128.0;"m";"married";3.0;4.0;"weekly";"y";4.0;2.0;103828.0;"bad loss"
40.0;27105.0;"m";"divsepwid";2.0;5.0;"weekly";"y";5.0;3.0;102904.0;"good risk"
50.0;27094.0;"m";"divsepwid";2.0;6.0;"weekly";"y";3.0;3.0;103737.0;"bad profit"
44.0;26967.0;"f";"divsepwid";4.0;6.0;"weekly";"n";4.0;2.0;103256.0;"bad loss"
49.0;26766.0;"f";"divsepwid";2.0;5.0;"weekly";"y";4.0;2.0;103661.0;"good risk"
41.0;26750.0;"m";"divsepwid";4.0;5.0;"weekly";"y";4.0;2.0;102999.0;"good risk"
45.0;26723.0;"m";"divsepwid";2.0;6.0;"weekly";"n";3.0;2.0;103339.0;"good risk"
45.0;26710.0;"f";"divsepwid";2.0;5.0;"weekly";"y";5.0;2.0;103335.0;"bad profit"
26.0;26595.0;"m";"married";3.0;4.0;"monthly";"y";5.0;2.0;103772.0;"bad loss"
38.0;26539.0;"m";"single";0.0;1.0;"monthly";"y";1.0;0.0;100170.0;"good risk"
44.0;26476.0;"f";"married";2.0;3.0;"monthly";"y";4.0;1.0;103903.0;"bad loss"
42.0;26375.0;"f";"married";3.0;3.0;"weekly";"y";4.0;1.0;103831.0;"bad profit"
29.0;26180.0;"m";"divsepwid";2.0;5.0;"weekly";"n";4.0;3.0;102989.0;"bad loss"
31.0;26120.0;"m";"divsepwid";2.0;5.0;"weekly";"y";5.0;2.0;103086.0;"good risk"
47.0;26023.0;"m";"married";2.0;4.0;"monthly";"y";4.0;1.0;104001.0;"bad loss"
36.0;26009.0;"m";"single";0.0;1.0;"monthly";"y";1.0;0.0;100140.0;"good risk"
44.0;25971.0;"f";"divsepwid";4.0;5.0;"weekly";"n";3.0;3.0;103254.0;"bad profit"
31.0;25970.0;"m";"married";3.0;3.0;"monthly";"y";5.0;2.0;103932.0;"bad loss"
32.0;25901.0;"f";"married";3.0;4.0;"monthly";"y";5.0;2.0;103900.0;"bad loss"
33.0;25747.0;"f";"single";0.0;1.0;"monthly";"y";0.0;0.0;100098.0;"good risk"
33.0;25678.0;"f";"married";2.0;3.0;"weekly";"y";5.0;2.0;103945.0;"bad loss"
50.0;25549.0;"f";"married";2.0;4.0;"monthly";"y";5.0;2.0;104103.0;"bad loss"
33.0;25460.0;"m";"divsepwid";3.0;5.0;"weekly";"n";5.0;3.0;103081.0;"bad profit"
49.0;25361.0;"m";"divsepwid";2.0;6.0;"weekly";"y";5.0;3.0;103647.0;"bad loss"
38.0;25289.0;"m";"married";2.0;4.0;"weekly";"y";5.0;2.0;103901.0;"bad loss"
35.0;25180.0;"m";"divsepwid";2.0;5.0;"weekly";"y";4.0;3.0;103720.0;"bad loss"
47.0;25126.0;"m";"divsepwid";2.0;6.0;"weekly";"y";3.0;2.0;103490.0;"bad profit"
35.0;24999.0;"m";"single";0.0;3.0;"weekly";"y";1.0;1.0;102531.0;"bad profit"
41.0;24990.0;"m";"married";3.0;3.0;"monthly";"y";4.0;2.0;103787.0;"bad loss"
23.0;24974.0;"m";"single";1.0;1.0;"weekly";"y";2.0;1.0;102506.0;"bad profit"
37.0;24944.0;"m";"married";1.0;0.0;"monthly";"y";2.0;2.0;101495.0;"bad profit"
20.0;24926.0;"f";"married";2.0;2.0;"weekly";"y";2.0;2.0;101249.0;"bad profit"
46.0;24892.0;"m";"divsepwid";4.0;5.0;"weekly";"n";4.0;3.0;103383.0;"good risk"
20.0;24886.0;"m";"married";1.0;2.0;"monthly";"y";3.0;1.0;101228.0;"bad profit"
24.0;24877.0;"m";"married";1.0;0.0;"monthly";"y";1.0;2.0;101790.0;"bad profit"
25.0;24860.0;"f";"single";1.0;3.0;"monthly";"n";1.0;1.0;102836.0;"bad profit"
21.0;24823.0;"f";"married";1.0;0.0;"weekly";"y";2.0;1.0;101373.0;"bad profit"
24.0;24814.0;"m";"single";1.0;1.0;"monthly";"y";1.0;1.0;102702.0;"bad profit"
38.0;24798.0;"f";"divsepwid";3.0;5.0;"weekly";"n";4.0;3.0;103047.0;"bad loss"
22.0;24758.0;"m";"married";1.0;2.0;"weekly";"y";1.0;1.0;101528.0;"bad profit"
24.0;24749.0;"m";"single";1.0;1.0;"weekly";"y";2.0;1.0;102692.0;"bad profit"
23.0;24730.0;"f";"married";2.0;1.0;"weekly";"y";2.0;1.0;101659.0;"bad profit"
32.0;24723.0;"f";"divsepwid";4.0;6.0;"weekly";"n";5.0;2.0;103297.0;"bad loss"
50.0;24718.0;"m";"divsepwid";3.0;6.0;"weekly";"y";5.0;3.0;103696.0;"good risk"
23.0;24674.0;"m";"married";1.0;1.0;"weekly";"y";2.0;1.0;101647.0;"bad profit"
22.0;24642.0;"m";"married";2.0;2.0;"weekly";"y";2.0;1.0;101523.0;"bad profit"
22.0;24632.0;"m";"single";0.0;3.0;"weekly";"n";2.0;1.0;102371.0;"bad profit"
27.0;24629.0;"m";"single";1.0;3.0;"weekly";"y";3.0;1.0;102392.0;"bad profit"
23.0;24612.0;"f";"single";0.0;3.0;"weekly";"y";1.0;1.0;102551.0;"bad profit"
38.0;24608.0;"f";"married";2.0;2.0;"monthly";"y";3.0;2.0;101795.0;"bad loss"
24.0;24577.0;"m";"married";1.0;2.0;"weekly";"y";3.0;1.0;101806.0;"bad profit"
23.0;24570.0;"m";"single";0.0;2.0;"weekly";"y";1.0;1.0;102521.0;"bad profit"
50.0;24549.0;"m";"divsepwid";4.0;5.0;"weekly";"y";3.0;2.0;103708.0;"good risk"
23.0;24539.0;"f";"married";2.0;0.0;"weekly";"y";1.0;2.0;101642.0;"bad profit"
42.0;24528.0;"f";"married";2.0;4.0;"weekly";"y";5.0;1.0;103814.0;"bad loss"
20.0;24526.0;"m";"single";0.0;1.0;"monthly";"y";1.0;1.0;102107.0;"bad profit"
21.0;24512.0;"f";"married";2.0;2.0;"weekly";"y";3.0;2.0;101405.0;"bad profit"
22.0;24497.0;"f";"married";1.0;2.0;"weekly";"y";1.0;1.0;101535.0;"good risk"
30.0;24450.0;"f";"single";0.0;2.0;"monthly";"n";3.0;1.0;102110.0;"bad profit"
18.0;24429.0;"f";"married";2.0;2.0;"weekly";"y";1.0;2.0;100934.0;"bad profit"
20.0;24421.0;"m";"single";1.0;2.0;"weekly";"n";3.0;1.0;102072.0;"bad profit"
21.0;24394.0;"m";"single";0.0;1.0;"weekly";"y";1.0;1.0;102268.0;"bad profit"
40.0;24392.0;"f";"divsepwid";3.0;5.0;"weekly";"y";4.0;2.0;102893.0;"bad profit"
32.0;24374.0;"f";"single";1.0;1.0;"monthly";"n";3.0;1.0;102685.0;"bad profit"
27.0;24362.0;"f";"divsepwid";3.0;6.0;"weekly";"n";3.0;2.0;103558.0;"bad profit"
28.0;24332.0;"f";"married";1.0;0.0;"weekly";"y";3.0;1.0;100922.0;"bad profit"
28.0;24328.0;"m";"married";1.0;2.0;"weekly";"y";3.0;2.0;101355.0;"bad profit"
47.0;24314.0;"m";"divsepwid";3.0;6.0;"weekly";"n";3.0;3.0;103465.0;"bad loss"
25.0;24312.0;"f";"married";2.0;0.0;"monthly";"y";1.0;2.0;101938.0;"bad profit"
22.0;24164.0;"m";"married";1.0;2.0;"weekly";"y";2.0;2.0;101566.0;"bad profit"
49.0;24162.0;"f";"divsepwid";2.0;5.0;"weekly";"y";4.0;2.0;103623.0;"bad profit"
23.0;24157.0;"m";"single";0.0;2.0;"monthly";"y";1.0;1.0;102563.0;"bad profit"
22.0;24112.0;"f";"married";1.0;1.0;"weekly";"y";1.0;1.0;101546.0;"good risk"
23.0;24092.0;"m";"married";2.0;2.0;"weekly";"y";2.0;2.0;101645.0;"bad profit"
40.0;24071.0;"m";"married";2.0;4.0;"weekly";"y";4.0;1.0;103759.0;"bad loss"
25.0;24069.0;"f";"single";0.0;1.0;"monthly";"n";1.0;1.0;102848.0;"bad profit"
42.0;24057.0;"f";"divsepwid";4.0;6.0;"weekly";"n";3.0;3.0;103052.0;"bad loss"
22.0;24053.0;"f";"married";1.0;0.0;"monthly";"y";1.0;1.0;101511.0;"bad profit"
46.0;24037.0;"f";"divsepwid";2.0;5.0;"weekly";"n";5.0;3.0;103372.0;"bad profit"
48.0;24027.0;"f";"divsepwid";4.0;5.0;"weekly";"n";4.0;2.0;103550.0;"bad loss"
23.0;24008.0;"m";"single";0.0;3.0;"monthly";"n";2.0;1.0;102550.0;"bad profit"
44.0;24007.0;"f";"married";2.0;3.0;"monthly";"y";4.0;2.0;103892.0;"bad loss"
21.0;23997.0;"m";"married";1.0;2.0;"monthly";"y";3.0;1.0;101354.0;"bad profit"
29.0;23965.0;"m";"single";0.0;3.0;"monthly";"n";3.0;1.0;102715.0;"bad loss"
23.0;23950.0;"m";"single";1.0;3.0;"monthly";"n";1.0;1.0;102555.0;"bad profit"
20.0;23921.0;"m";"married";1.0;2.0;"weekly";"y";1.0;1.0;101221.0;"bad profit"
22.0;23919.0;"m";"married";1.0;1.0;"weekly";"y";3.0;1.0;101563.0;"bad profit"
21.0;23909.0;"m";"married";2.0;2.0;"weekly";"y";3.0;1.0;101358.0;"bad profit"
33.0;23845.0;"m";"single";1.0;1.0;"monthly";"y";2.0;1.0;102364.0;"bad profit"
21.0;23834.0;"m";"married";2.0;2.0;"weekly";"y";3.0;1.0;101404.0;"bad profit"
20.0;23834.0;"f";"married";1.0;1.0;"weekly";"y";1.0;1.0;101210.0;"bad profit"
44.0;23830.0;"m";"married";3.0;3.0;"monthly";"y";5.0;1.0;103893.0;"bad loss"
33.0;23828.0;"f";"single";1.0;3.0;"monthly";"n";2.0;1.0;102545.0;"bad profit"
19.0;23816.0;"f";"married";1.0;0.0;"monthly";"y";1.0;2.0;101068.0;"bad loss"
18.0;23796.0;"m";"married";2.0;2.0;"weekly";"y";3.0;1.0;100928.0;"bad profit"
23.0;23774.0;"m";"single";1.0;1.0;"weekly";"y";2.0;1.0;102569.0;"bad profit"
20.0;23766.0;"m";"single";1.0;2.0;"monthly";"n";2.0;1.0;102119.0;"bad profit"
40.0;23746.0;"f";"divsepwid";2.0;5.0;"weekly";"y";5.0;2.0;102891.0;"bad profit"
25.0;23671.0;"f";"married";1.0;2.0;"weekly";"y";3.0;2.0;101953.0;"bad profit"
46.0;23638.0;"f";"divsepwid";2.0;5.0;"weekly";"y";3.0;2.0;103378.0;"bad loss"
43.0;23636.0;"m";"divsepwid";3.0;5.0;"weekly";"n";3.0;3.0;103134.0;"good risk"
31.0;23626.0;"f";"married";2.0;4.0;"monthly";"y";5.0;2.0;104025.0;"bad loss"
48.0;23620.0;"m";"married";2.0;4.0;"weekly";"y";4.0;2.0;104024.0;"bad loss"
31.0;23612.0;"f";"married";2.0;0.0;"monthly";"y";2.0;1.0;101972.0;"bad profit"
20.0;23599.0;"m";"married";2.0;2.0;"monthly";"y";1.0;2.0;101256.0;"bad profit"
50.0;23565.0;"f";"divsepwid";2.0;6.0;"weekly";"y";4.0;3.0;103699.0;"good risk"
22.0;23552.0;"f";"married";1.0;1.0;"weekly";"y";1.0;2.0;101547.0;"bad loss"
23.0;23522.0;"f";"single";1.0;2.0;"weekly";"n";1.0;1.0;102544.0;"bad profit"
25.0;23515.0;"m";"married";1.0;2.0;"monthly";"y";2.0;2.0;101982.0;"bad profit"
21.0;23514.0;"f";"married";1.0;2.0;"monthly";"y";3.0;1.0;101393.0;"bad profit"
24.0;23507.0;"m";"single";0.0;3.0;"monthly";"y";1.0;1.0;102707.0;"bad profit"
22.0;23492.0;"f";"single";0.0;3.0;"weekly";"y";2.0;1.0;102361.0;"bad profit"
23.0;23481.0;"f";"married";2.0;0.0;"weekly";"y";2.0;2.0;101692.0;"bad profit"
23.0;23443.0;"m";"married";2.0;1.0;"weekly";"y";1.0;2.0;101700.0;"bad profit"
43.0;23413.0;"m";"divsepwid";3.0;6.0;"weekly";"n";4.0;3.0;103136.0;"good risk"
37.0;23406.0;"f";"married";2.0;0.0;"weekly";"y";1.0;2.0;101106.0;"bad profit"
34.0;23395.0;"m";"single";1.0;2.0;"monthly";"n";3.0;1.0;102525.0;"bad profit"
18.0;23387.0;"f";"married";1.0;0.0;"weekly";"y";3.0;2.0;100898.0;"bad profit"
49.0;23383.0;"m";"divsepwid";4.0;6.0;"weekly";"n";4.0;3.0;103642.0;"bad profit"
23.0;23378.0;"f";"single";0.0;1.0;"weekly";"y";1.0;1.0;102534.0;"bad profit"
47.0;23365.0;"m";"divsepwid";3.0;6.0;"weekly";"n";4.0;3.0;103476.0;"bad loss"
25.0;23333.0;"f";"single";0.0;2.0;"weekly";"n";1.0;1.0;102842.0;"bad profit"
24.0;23331.0;"m";"single";1.0;2.0;"weekly";"y";3.0;1.0;102712.0;"bad profit"
25.0;23329.0;"m";"married";2.0;2.0;"weekly";"y";3.0;1.0;101966.0;"bad profit"
21.0;23315.0;"f";"married";2.0;1.0;"weekly";"y";2.0;2.0;101379.0;"bad profit"
49.0;23251.0;"m";"married";2.0;3.0;"monthly";"y";4.0;1.0;104059.0;"bad loss"
38.0;23244.0;"m";"divsepwid";4.0;5.0;"weekly";"y";4.0;3.0;103697.0;"bad profit"
49.0;23240.0;"f";"married";2.0;4.0;"weekly";"y";5.0;1.0;104063.0;"bad loss"
47.0;23177.0;"m";"divsepwid";3.0;5.0;"weekly";"n";3.0;3.0;103463.0;"bad loss"
19.0;23137.0;"f";"married";2.0;2.0;"monthly";"y";3.0;1.0;101084.0;"bad profit"
48.0;23130.0;"m";"divsepwid";2.0;5.0;"weekly";"y";3.0;2.0;103546.0;"bad profit"
32.0;23118.0;"f";"married";2.0;1.0;"monthly";"y";1.0;2.0;101979.0;"bad loss"
32.0;23097.0;"f";"married";1.0;1.0;"monthly";"y";3.0;2.0;101407.0;"bad profit"
19.0;23086.0;"m";"married";1.0;1.0;"weekly";"y";2.0;2.0;101045.0;"bad profit"
24.0;23069.0;"f";"single";0.0;2.0;"weekly";"n";1.0;1.0;102725.0;"bad profit"
25.0;23040.0;"m";"single";0.0;3.0;"monthly";"n";2.0;1.0;102864.0;"bad profit"
21.0;23031.0;"m";"married";1.0;2.0;"monthly";"y";2.0;2.0;101392.0;"bad profit"
19.0;23023.0;"f";"married";2.0;1.0;"weekly";"y";2.0;2.0;101083.0;"bad profit"
21.0;23021.0;"m";"married";2.0;1.0;"weekly";"y";3.0;1.0;101402.0;"bad profit"
22.0;23006.0;"f";"single";1.0;1.0;"weekly";"y";1.0;1.0;102421.0;"bad profit"
21.0;22994.0;"m";"single";1.0;1.0;"weekly";"n";1.0;1.0;102174.0;"bad profit"
40.0;22930.0;"f";"married";3.0;4.0;"weekly";"y";5.0;1.0;103746.0;"bad loss"
45.0;22877.0;"f";"divsepwid";4.0;6.0;"weekly";"n";4.0;3.0;103287.0;"bad profit"
24.0;22877.0;"m";"married";2.0;0.0;"monthly";"y";1.0;1.0;101767.0;"bad profit"
24.0;22830.0;"f";"married";1.0;1.0;"weekly";"y";1.0;2.0;101771.0;"bad profit"
20.0;22821.0;"f";"single";0.0;1.0;"weekly";"n";3.0;1.0;102000.0;"bad profit"
21.0;22818.0;"m";"single";1.0;1.0;"monthly";"n";1.0;1.0;102181.0;"bad profit"
18.0;22817.0;"m";"married";1.0;2.0;"monthly";"y";2.0;1.0;100817.0;"bad loss"
24.0;22810.0;"f";"single";0.0;1.0;"weekly";"n";3.0;1.0;102616.0;"bad profit"
19.0;22807.0;"f";"married";1.0;0.0;"monthly";"y";3.0;1.0;100952.0;"bad profit"
30.0;22756.0;"m";"divsepwid";4.0;5.0;"weekly";"n";5.0;3.0;103457.0;"bad profit"
25.0;22710.0;"f";"married";1.0;1.0;"weekly";"y";2.0;1.0;101857.0;"bad profit"
18.0;22707.0;"m";"married";1.0;1.0;"weekly";"y";3.0;1.0;100821.0;"good risk"
20.0;22694.0;"f";"married";1.0;0.0;"monthly";"y";2.0;1.0;101193.0;"bad profit"
20.0;22618.0;"m";"single";1.0;1.0;"monthly";"n";3.0;1.0;102021.0;"bad profit"
22.0;22602.0;"m";"married";2.0;0.0;"monthly";"y";2.0;1.0;101489.0;"bad profit"
46.0;22584.0;"m";"divsepwid";4.0;6.0;"weekly";"n";5.0;2.0;103364.0;"bad profit"
19.0;22543.0;"f";"married";1.0;1.0;"weekly";"y";1.0;1.0;100981.0;"bad loss"
32.0;22496.0;"m";"married";1.0;1.0;"monthly";"y";1.0;2.0;101460.0;"bad profit"
49.0;22487.0;"m";"divsepwid";4.0;5.0;"weekly";"n";5.0;2.0;103620.0;"bad profit"
25.0;22486.0;"f";"married";2.0;0.0;"weekly";"y";1.0;1.0;101881.0;"bad profit"
22.0;22426.0;"m";"married";2.0;2.0;"weekly";"y";2.0;1.0;101455.0;"bad loss"
33.0;22379.0;"f";"married";1.0;0.0;"monthly";"y";1.0;1.0;101785.0;"bad profit"
34.0;22375.0;"m";"married";1.0;2.0;"weekly";"y";3.0;2.0;101421.0;"bad profit"
35.0;22374.0;"m";"single";1.0;2.0;"weekly";"y";3.0;1.0;102014.0;"bad loss"
47.0;22296.0;"f";"married";3.0;4.0;"weekly";"y";4.0;2.0;103979.0;"bad loss"
22.0;22253.0;"f";"single";0.0;1.0;"weekly";"n";3.0;1.0;102285.0;"bad profit"
18.0;22231.0;"m";"married";2.0;0.0;"weekly";"y";1.0;2.0;100871.0;"bad profit"
22.0;22228.0;"f";"single";0.0;1.0;"monthly";"n";1.0;1.0;102292.0;"bad profit"
25.0;22154.0;"m";"married";1.0;1.0;"weekly";"y";2.0;2.0;101858.0;"bad loss"
22.0;22100.0;"f";"married";1.0;0.0;"weekly";"y";1.0;2.0;101465.0;"bad loss"
44.0;22091.0;"f";"divsepwid";3.0;6.0;"weekly";"y";4.0;3.0;103195.0;"good risk"
28.0;22070.0;"f";"married";1.0;2.0;"weekly";"y";2.0;1.0;101631.0;"bad profit"
24.0;22033.0;"f";"single";0.0;3.0;"weekly";"n";2.0;1.0;102649.0;"bad profit"
49.0;22026.0;"f";"divsepwid";2.0;5.0;"weekly";"y";4.0;3.0;103608.0;"bad profit"
22.0;22013.0;"f";"single";1.0;1.0;"monthly";"n";3.0;1.0;102295.0;"bad profit"
22.0;22007.0;"f";"married";1.0;0.0;"monthly";"y";2.0;2.0;101448.0;"bad profit"
24.0;22005.0;"f";"single";1.0;3.0;"monthly";"n";1.0;1.0;102653.0;"bad profit"
44.0;21938.0;"f";"divsepwid";3.0;6.0;"weekly";"n";3.0;3.0;103196.0;"bad loss"
20.0;21928.0;"m";"single";1.0;2.0;"weekly";"n";2.0;1.0;102008.0;"bad profit"
21.0;21875.0;"f";"single";1.0;3.0;"weekly";"y";2.0;1.0;102205.0;"bad profit"
27.0;21854.0;"m";"married";2.0;0.0;"monthly";"y";1.0;1.0;101600.0;"bad profit"
22.0;21834.0;"f";"single";1.0;2.0;"weekly";"n";3.0;1.0;102289.0;"bad loss"
46.0;21827.0;"f";"divsepwid";2.0;5.0;"weekly";"y";5.0;3.0;103353.0;"bad loss"
50.0;21782.0;"m";"divsepwid";4.0;6.0;"weekly";"y";4.0;3.0;103685.0;"bad loss"
24.0;21731.0;"f";"married";1.0;1.0;"weekly";"y";1.0;1.0;101770.0;"bad profit"
20.0;21720.0;"m";"single";1.0;2.0;"monthly";"n";1.0;1.0;102040.0;"bad profit"
27.0;21696.0;"f";"married";2.0;2.0;"weekly";"y";1.0;2.0;101784.0;"bad profit"
21.0;21692.0;"f";"married";1.0;1.0;"monthly";"y";2.0;1.0;101292.0;"bad profit"
44.0;21673.0;"m";"married";3.0;3.0;"monthly";"y";4.0;2.0;103875.0;"bad profit"
40.0;21650.0;"m";"divsepwid";4.0;5.0;"weekly";"y";5.0;3.0;102883.0;"bad profit"
27.0;21616.0;"m";"married";2.0;2.0;"monthly";"y";3.0;2.0;101146.0;"bad profit"
43.0;21527.0;"f";"divsepwid";4.0;5.0;"weekly";"y";5.0;3.0;103121.0;"good risk"
41.0;21522.0;"f";"divsepwid";4.0;5.0;"weekly";"y";3.0;3.0;102952.0;"bad profit"
22.0;21515.0;"m";"married";2.0;0.0;"monthly";"y";3.0;2.0;101458.0;"bad loss"
28.0;21488.0;"m";"single";1.0;2.0;"weekly";"y";1.0;1.0;102480.0;"bad profit"
21.0;21475.0;"f";"married";2.0;2.0;"weekly";"y";3.0;2.0;101334.0;"bad profit"
21.0;21394.0;"m";"married";1.0;2.0;"monthly";"y";1.0;1.0;101314.0;"bad profit"
41.0;21365.0;"f";"divsepwid";4.0;5.0;"weekly";"y";4.0;3.0;102961.0;"bad profit"
24.0;21337.0;"f";"married";1.0;0.0;"weekly";"y";1.0;1.0;101736.0;"bad profit"
25.0;21324.0;"f";"single";1.0;2.0;"weekly";"n";2.0;1.0;102766.0;"bad profit"
22.0;21324.0;"f";"single";0.0;1.0;"weekly";"n";2.0;1.0;102341.0;"bad profit"
45.0;21320.0;"f";"married";2.0;3.0;"monthly";"y";5.0;1.0;103916.0;"bad loss"
20.0;21317.0;"m";"married";1.0;2.0;"monthly";"y";3.0;1.0;101136.0;"bad profit"
31.0;21284.0;"m";"single";0.0;3.0;"weekly";"n";1.0;1.0;102199.0;"good risk"
21.0;21238.0;"m";"single";1.0;1.0;"monthly";"n";3.0;1.0;102162.0;"bad profit"
50.0;21236.0;"m";"married";3.0;4.0;"monthly";"y";4.0;2.0;104088.0;"bad loss"
28.0;21231.0;"f";"single";0.0;3.0;"monthly";"y";2.0;1.0;102154.0;"bad profit"
29.0;21217.0;"m";"married";1.0;1.0;"monthly";"y";2.0;1.0;101885.0;"bad profit"
23.0;21155.0;"f";"single";0.0;2.0;"weekly";"y";1.0;1.0;102444.0;"bad profit"
20.0;21080.0;"f";"single";0.0;1.0;"monthly";"y";2.0;1.0;102017.0;"bad profit"
23.0;21035.0;"f";"single";1.0;1.0;"monthly";"n";1.0;1.0;102478.0;"bad profit"
35.0;21023.0;"m";"married";1.0;1.0;"monthly";"y";1.0;1.0;101855.0;"bad profit"
26.0;21018.0;"m";"married";1.0;1.0;"monthly";"y";3.0;2.0;101909.0;"bad profit"
18.0;20977.0;"f";"married";2.0;1.0;"monthly";"y";3.0;1.0;100861.0;"bad profit"
32.0;20971.0;"m";"single";1.0;2.0;"weekly";"y";3.0;1.0;102049.0;"bad profit"
49.0;20963.0;"f";"divsepwid";3.0;5.0;"weekly";"n";3.0;3.0;103618.0;"bad profit"
19.0;20903.0;"f";"married";2.0;0.0;"weekly";"y";3.0;1.0;100968.0;"bad profit"
24.0;20859.0;"f";"married";1.0;2.0;"weekly";"y";2.0;2.0;101740.0;"bad profit"
36.0;20830.0;"f";"married";1.0;0.0;"monthly";"y";1.0;2.0;101281.0;"bad profit"
36.0;20829.0;"m";"single";0.0;2.0;"weekly";"n";3.0;1.0;102185.0;"bad profit"
21.0;20815.0;"m";"married";2.0;2.0;"weekly";"y";2.0;1.0;101302.0;"bad profit"
23.0;20777.0;"m";"single";0.0;1.0;"weekly";"n";2.0;1.0;102460.0;"bad profit"
19.0;20760.0;"f";"married";2.0;2.0;"weekly";"y";3.0;1.0;100989.0;"bad loss"
25.0;20696.0;"f";"married";1.0;0.0;"monthly";"y";1.0;1.0;101891.0;"bad profit"
18.0;20671.0;"m";"married";1.0;1.0;"weekly";"y";2.0;1.0;100815.0;"bad profit"
26.0;20617.0;"m";"divsepwid";2.0;5.0;"weekly";"n";4.0;3.0;102945.0;"bad loss"
24.0;20592.0;"f";"married";1.0;0.0;"monthly";"y";1.0;2.0;101721.0;"bad profit"
30.0;20588.0;"m";"single";0.0;3.0;"weekly";"y";1.0;1.0;102788.0;"bad profit"
21.0;20581.0;"m";"married";1.0;1.0;"weekly";"y";3.0;1.0;101313.0;"bad loss"
23.0;20580.0;"m";"married";1.0;0.0;"monthly";"y";2.0;2.0;101589.0;"bad profit"
46.0;20579.0;"f";"married";2.0;3.0;"weekly";"y";4.0;1.0;103950.0;"bad loss"
25.0;20568.0;"m";"married";2.0;1.0;"weekly";"y";3.0;1.0;101915.0;"bad profit"
18.0;20568.0;"m";"married";2.0;1.0;"weekly";"y";3.0;2.0;100845.0;"bad profit"
24.0;20559.0;"f";"single";0.0;2.0;"weekly";"n";3.0;1.0;102623.0;"bad profit"
23.0;20559.0;"f";"single";0.0;1.0;"weekly";"n";3.0;1.0;102485.0;"bad profit"
23.0;20486.0;"f";"single";1.0;2.0;"monthly";"y";3.0;1.0;102459.0;"bad profit"
25.0;20473.0;"m";"single";1.0;1.0;"weekly";"n";2.0;1.0;102789.0;"bad profit"
20.0;20453.0;"m";"married";1.0;2.0;"weekly";"y";1.0;1.0;101160.0;"bad profit"
21.0;20448.0;"m";"married";1.0;0.0;"weekly";"y";2.0;2.0;101288.0;"bad profit"
38.0;20422.0;"f";"divsepwid";2.0;6.0;"weekly";"n";3.0;3.0;103193.0;"bad profit"
43.0;20407.0;"m";"divsepwid";3.0;5.0;"weekly";"n";4.0;2.0;103117.0;"bad loss"
22.0;20376.0;"m";"married";2.0;2.0;"monthly";"y";2.0;2.0;101419.0;"bad profit"
21.0;20375.0;"m";"married";2.0;1.0;"monthly";"y";3.0;1.0;101318.0;"bad loss"
36.0;20371.0;"f";"married";2.0;0.0;"monthly";"y";1.0;2.0;101443.0;"bad profit"
22.0;20363.0;"f";"single";0.0;1.0;"monthly";"y";2.0;1.0;102300.0;"bad profit"
34.0;20362.0;"f";"single";0.0;3.0;"monthly";"y";1.0;1.0;102753.0;"bad profit"
38.0;20355.0;"f";"married";2.0;0.0;"weekly";"y";3.0;2.0;100849.0;"bad profit"
49.0;20310.0;"f";"divsepwid";2.0;5.0;"weekly";"n";3.0;2.0;103614.0;"bad profit"
48.0;20308.0;"f";"divsepwid";4.0;6.0;"weekly";"y";4.0;3.0;103539.0;"bad loss"
43.0;20294.0;"f";"divsepwid";4.0;6.0;"weekly";"n";5.0;3.0;103115.0;"bad profit"
21.0;20281.0;"m";"married";2.0;2.0;"weekly";"y";2.0;2.0;101303.0;"bad profit"
22.0;20238.0;"m";"single";0.0;2.0;"weekly";"y";1.0;1.0;102316.0;"bad profit"
21.0;20198.0;"m";"married";2.0;0.0;"weekly";"y";3.0;1.0;101330.0;"bad profit"
20.0;20186.0;"m";"single";0.0;3.0;"monthly";"y";2.0;1.0;102012.0;"bad profit"
21.0;20166.0;"f";"married";2.0;2.0;"weekly";"y";2.0;2.0;101343.0;"bad profit"
23.0;20158.0;"m";"married";1.0;0.0;"weekly";"y";3.0;2.0;101579.0;"bad profit"
24.0;20146.0;"m";"single";0.0;1.0;"weekly";"y";1.0;1.0;102592.0;"bad profit"
25.0;20137.0;"f";"married";1.0;0.0;"weekly";"y";3.0;1.0;101884.0;"bad profit"
48.0;20096.0;"f";"divsepwid";3.0;6.0;"weekly";"n";4.0;3.0;103536.0;"bad loss"
22.0;20075.0;"m";"single";1.0;3.0;"monthly";"n";3.0;1.0;102307.0;"bad profit"
38.0;20063.0;"m";"single";0.0;2.0;"weekly";"n";1.0;1.0;102662.0;"bad profit"
24.0;20002.0;"m";"single";0.0;2.0;"weekly";"n";3.0;1.0;102617.0;"bad profit"
29.0;19950.0;"m";"divsepwid";4.0;6.0;"weekly";"n";4.0;2.0;103352.0;"bad profit"
49.0;19863.0;"f";"divsepwid";2.0;5.0;"weekly";"n";4.0;3.0;103601.0;"bad loss"
43.0;19599.0;"f";"married";2.0;3.0;"monthly";"y";5.0;2.0;103836.0;"bad loss"
21.0;19238.0;"f";"single";0.0;2.0;"weekly";"n";3.0;1.0;102130.0;"bad loss"
38.0;19109.0;"m";"married";1.0;0.0;"monthly";"y";3.0;2.0;101409.0;"bad profit"
33.0;18977.0;"f";"married";2.0;2.0;"monthly";"y";2.0;1.0;100839.0;"bad profit"
23.0;18967.0;"m";"single";1.0;1.0;"monthly";"y";1.0;1.0;102522.0;"bad profit"
34.0;18914.0;"f";"married";1.0;2.0;"monthly";"y";1.0;2.0;101946.0;"bad profit"
28.0;18885.0;"m";"divsepwid";4.0;6.0;"weekly";"y";5.0;3.0;103606.0;"good risk"
19.0;18734.0;"m";"married";2.0;0.0;"weekly";"y";1.0;2.0;101006.0;"bad profit"
21.0;18719.0;"m";"single";0.0;3.0;"monthly";"y";3.0;1.0;102273.0;"bad profit"
20.0;18706.0;"f";"single";0.0;1.0;"monthly";"y";2.0;1.0;102108.0;"bad profit"
28.0;18680.0;"f";"single";0.0;3.0;"weekly";"n";3.0;1.0;102749.0;"bad profit"
32.0;18672.0;"f";"married";1.0;1.0;"weekly";"y";1.0;2.0;101762.0;"bad profit"
42.0;18659.0;"f";"married";3.0;4.0;"monthly";"y";4.0;1.0;103804.0;"bad loss"
38.0;18651.0;"m";"married";1.0;0.0;"weekly";"y";1.0;2.0;101925.0;"bad profit"
32.0;18616.0;"f";"divsepwid";3.0;5.0;"weekly";"n";4.0;3.0;103308.0;"bad loss"
24.0;18557.0;"f";"single";1.0;3.0;"weekly";"y";3.0;1.0;102591.0;"bad profit"
32.0;18482.0;"m";"married";1.0;2.0;"weekly";"y";3.0;1.0;100904.0;"bad profit"
25.0;18450.0;"f";"single";0.0;2.0;"weekly";"y";2.0;1.0;102779.0;"bad profit"
28.0;18407.0;"f";"divsepwid";2.0;6.0;"weekly";"n";5.0;2.0;102900.0;"good risk"
22.0;18362.0;"f";"married";2.0;1.0;"weekly";"y";1.0;2.0;101435.0;"bad profit"
48.0;18342.0;"m";"married";2.0;4.0;"weekly";"y";4.0;1.0;104009.0;"bad profit"
47.0;18305.0;"m";"married";2.0;4.0;"weekly";"y";5.0;2.0;103990.0;"bad loss"
42.0;18282.0;"f";"divsepwid";3.0;6.0;"weekly";"y";5.0;2.0;103049.0;"bad loss"
29.0;18257.0;"m";"divsepwid";3.0;5.0;"weekly";"y";4.0;2.0;103678.0;"bad loss"
46.0;18242.0;"f";"divsepwid";4.0;6.0;"weekly";"y";3.0;3.0;103363.0;"good risk"
50.0;18231.0;"f";"divsepwid";2.0;5.0;"weekly";"y";4.0;2.0;103672.0;"bad profit"
27.0;18222.0;"m";"divsepwid";3.0;6.0;"weekly";"y";3.0;2.0;103309.0;"good risk"
20.0;18188.0;"m";"single";0.0;3.0;"monthly";"n";1.0;1.0;102020.0;"bad profit"
20.0;18151.0;"m";"single";1.0;2.0;"weekly";"y";2.0;1.0;102097.0;"bad loss"
44.0;18147.0;"m";"divsepwid";3.0;5.0;"weekly";"n";5.0;3.0;103184.0;"bad profit"
24.0;18008.0;"m";"married";1.0;0.0;"weekly";"y";2.0;2.0;101745.0;"bad profit"
20.0;18005.0;"f";"married";1.0;0.0;"weekly";"y";2.0;2.0;101227.0;"bad profit"
25.0;17979.0;"m";"married";1.0;0.0;"monthly";"y";2.0;1.0;101907.0;"bad profit"
34.0;17977.0;"f";"married";3.0;3.0;"weekly";"y";5.0;2.0;103776.0;"bad loss"
30.0;17962.0;"m";"divsepwid";3.0;6.0;"weekly";"y";3.0;3.0;103619.0;"good risk"
33.0;17943.0;"m";"married";1.0;0.0;"weekly";"y";3.0;1.0;100961.0;"good risk"
38.0;17942.0;"m";"divsepwid";2.0;5.0;"weekly";"n";4.0;2.0;103712.0;"bad loss"
22.0;17794.0;"f";"married";1.0;2.0;"monthly";"y";2.0;2.0;101514.0;"bad profit"
27.0;17780.0;"m";"divsepwid";4.0;6.0;"weekly";"n";4.0;3.0;103126.0;"bad profit"
35.0;17753.0;"f";"single";1.0;3.0;"monthly";"y";2.0;1.0;102510.0;"bad profit"
19.0;17722.0;"m";"married";2.0;0.0;"monthly";"y";3.0;1.0;101005.0;"bad profit"
42.0;17697.0;"m";"married";3.0;3.0;"monthly";"y";4.0;2.0;103805.0;"bad loss"
23.0;17681.0;"m";"single";1.0;1.0;"monthly";"y";2.0;1.0;102517.0;"bad profit"
31.0;17624.0;"m";"married";1.0;0.0;"weekly";"y";3.0;2.0;100889.0;"bad profit"
20.0;17619.0;"f";"single";0.0;3.0;"monthly";"n";1.0;1.0;102025.0;"bad profit"
42.0;17580.0;"m";"divsepwid";3.0;6.0;"weekly";"n";3.0;2.0;103082.0;"good risk"
25.0;17572.0;"m";"single";0.0;1.0;"monthly";"n";2.0;1.0;102733.0;"bad profit"
22.0;17512.0;"m";"single";1.0;1.0;"weekly";"y";2.0;1.0;102422.0;"bad profit"
21.0;17496.0;"f";"married";2.0;2.0;"monthly";"y";1.0;2.0;101296.0;"bad profit"
42.0;17492.0;"m";"married";3.0;4.0;"monthly";"y";5.0;1.0;103811.0;"bad loss"
45.0;17454.0;"m";"married";2.0;4.0;"weekly";"y";5.0;1.0;103912.0;"bad loss"
46.0;17430.0;"f";"divsepwid";2.0;5.0;"weekly";"y";4.0;2.0;103344.0;"bad loss"
21.0;17234.0;"m";"single";1.0;1.0;"monthly";"n";2.0;1.0;102148.0;"bad profit"
47.0;17184.0;"m";"divsepwid";2.0;6.0;"weekly";"n";4.0;3.0;103516.0;"bad profit"
19.0;17168.0;"m";"married";1.0;0.0;"monthly";"y";2.0;1.0;100990.0;"bad profit"
37.0;17101.0;"f";"married";3.0;3.0;"weekly";"y";4.0;2.0;104052.0;"bad loss"
47.0;17061.0;"m";"divsepwid";4.0;6.0;"weekly";"n";5.0;2.0;103478.0;"good risk"
22.0;17046.0;"m";"single";1.0;1.0;"weekly";"n";3.0;1.0;102287.0;"bad loss"
19.0;17006.0;"f";"married";1.0;2.0;"weekly";"y";3.0;2.0;100994.0;"bad profit"
48.0;16984.0;"f";"divsepwid";3.0;5.0;"weekly";"n";3.0;3.0;103542.0;"bad loss"
20.0;16951.0;"m";"married";2.0;0.0;"monthly";"y";2.0;2.0;101263.0;"bad profit"
24.0;16938.0;"m";"married";1.0;1.0;"monthly";"y";3.0;2.0;101747.0;"bad profit"
28.0;16932.0;"m";"divsepwid";4.0;5.0;"weekly";"n";4.0;3.0;103187.0;"bad profit"
42.0;16930.0;"m";"divsepwid";3.0;5.0;"weekly";"n";5.0;3.0;103048.0;"bad profit"
19.0;16873.0;"f";"married";1.0;0.0;"weekly";"y";2.0;2.0;101105.0;"bad profit"
18.0;16823.0;"m";"married";1.0;1.0;"weekly";"y";3.0;1.0;100902.0;"bad profit"
22.0;16743.0;"f";"married";1.0;1.0;"weekly";"y";1.0;1.0;101451.0;"bad profit"
24.0;16726.0;"m";"married";1.0;2.0;"monthly";"y";2.0;2.0;101708.0;"bad profit"
20.0;16716.0;"f";"married";2.0;1.0;"monthly";"y";2.0;1.0;101245.0;"bad profit"
35.0;16698.0;"f";"single";0.0;3.0;"monthly";"n";1.0;1.0;102046.0;"bad profit"
21.0;16652.0;"m";"single";0.0;3.0;"weekly";"y";1.0;1.0;102186.0;"bad profit"
31.0;16628.0;"f";"married";2.0;3.0;"weekly";"y";4.0;1.0;103751.0;"bad loss"
31.0;16552.0;"f";"married";2.0;0.0;"monthly";"y";1.0;1.0;101506.0;"bad profit"
46.0;16531.0;"m";"divsepwid";4.0;6.0;"weekly";"y";4.0;3.0;103390.0;"bad loss"
44.0;16494.0;"f";"married";2.0;4.0;"weekly";"y";5.0;1.0;103881.0;"bad loss"
22.0;16443.0;"f";"single";0.0;1.0;"monthly";"y";3.0;1.0;102393.0;"bad profit"
48.0;16355.0;"m";"married";3.0;4.0;"monthly";"y";4.0;2.0;104012.0;"bad loss"
23.0;16324.0;"m";"married";1.0;1.0;"weekly";"y";3.0;2.0;101639.0;"bad profit"
22.0;16232.0;"f";"single";0.0;1.0;"weekly";"y";3.0;1.0;102369.0;"bad profit"
23.0;16229.0;"f";"single";0.0;3.0;"weekly";"n";1.0;1.0;102566.0;"bad profit"
24.0;16053.0;"f";"single";0.0;2.0;"monthly";"y";2.0;1.0;102581.0;"bad profit"
21.0;15881.0;"f";"single";0.0;2.0;"monthly";"y";2.0;1.0;102177.0;"bad profit"
22.0;15867.0;"f";"single";0.0;2.0;"monthly";"n";1.0;1.0;102293.0;"bad profit"
32.0;15789.0;"m";"married";1.0;1.0;"weekly";"y";1.0;1.0;101134.0;"bad profit"
20.0;15758.0;"f";"married";2.0;0.0;"weekly";"y";2.0;2.0;101216.0;"bad profit"
22.0;15752.0;"m";"single";1.0;3.0;"weekly";"y";1.0;1.0;102337.0;"bad profit"
21.0;15549.0;"m";"married";2.0;1.0;"monthly";"y";3.0;1.0;101277.0;"bad profit"
18.0;15534.0;"m";"married";1.0;2.0;"monthly";"y";1.0;2.0;100806.0;"bad profit"
44.0;15394.0;"f";"divsepwid";3.0;6.0;"weekly";"y";5.0;2.0;103212.0;"bad loss"
22.0;15328.0;"f";"married";2.0;2.0;"monthly";"y";1.0;1.0;101561.0;"bad profit"
25.0;15307.0;"m";"married";1.0;2.0;"weekly";"y";1.0;2.0;101903.0;"bad profit"
22.0;15279.0;"f";"married";2.0;1.0;"weekly";"y";2.0;1.0;101436.0;"bad profit"
24.0;15273.0;"m";"single";0.0;3.0;"monthly";"y";1.0;1.0;102668.0;"bad profit"
23.0;15262.0;"m";"single";0.0;1.0;"monthly";"n";2.0;1.0;102427.0;"bad profit"
22.0;15155.0;"m";"married";1.0;1.0;"weekly";"y";3.0;1.0;101554.0;"bad profit"
19.0;15138.0;"f";"married";1.0;0.0;"weekly";"y";2.0;2.0;101085.0;"bad profit"
21.0;15130.0;"m";"married";2.0;1.0;"weekly";"y";1.0;2.0;101278.0;"bad profit"
22.0;15073.0;"f";"single";1.0;3.0;"weekly";"n";2.0;1.0;102351.0;"bad profit"
